{"roc_auc": 0.9902666666666666, "detection_rate": 0.8333333333333334}