{"mean_original": 0.9472666666666669, "mean_result": 0.012666666666666668, "originals": [1.0, 1.0, 1.0, 0.41, 1.0, 1.0, 1.0, 1.0, 0.98, 0.98, 1.0, 0.98, 1.0, 1.0, 0.85, 0.79, 0.98, 1.0, 1.0, 0.99, 0.98, 1.0, 1.0, 1.0, 1.0, 1.0, 0.99, 0.98, 1.0, 1.0, 1.0, 1.0, 1.0, 1.0, 0.53, 0.98, 1.0, 0.98, 1.0, 0.98, 1.0, 0.94, 1.0, 1.0, 1.0, 0.37, 0.89, 0.36, 1.0, 1.0, 1.0, 0.96, 0.4, 1.0, 1.0, 1.0, 0.98, 0.73, 0.74, 1.0, 1.0, 0.83, 1.0, 0.98, 0.89, 1.0, 1.0, 0.98, 1.0, 1.0, 0.7, 0.99, 0.98, 1.0, 1.0, 1.0, 1.0, 0.98, 1.0, 1.0, 1.0, 1.0, 1.0, 1.0, 1.0, 0.93, 1.0, 1.0, 0.81, 1.0, 0.99, 0.93, 0.99, 1.0, 0.99, 1.0, 1.0, 1.0, 0.83, 0.82, 1.0, 0.25, 1.0, 1.0, 0.95, 1.0, 0.99, 1.0, 0.68, 1.0, 0.84, 0.99, 1.0, 1.0, 0.98, 0.83, 0.99, 0.98, 1.0, 0.98, 0.99, 0.98, 0.98, 1.0, 1.0, 1.0, 0.98, 1.0, 1.0, 0.99, 1.0, 1.0, 0.99, 1.0, 1.0, 0.74, 1.0, 1.0, 1.0, 1.0, 1.0, 1.0, 1.0, 1.0, 1.0, 0.98, 1.0, 1.0, 1.0, 0.63], "results": [0.01, 0.01, 0.01, 0.01, 0.01, 0.01, 0.01, 0.01, 0.02, 0.0, 0.01, 0.01, 0.01, 0.01, 0.01, 0.01, 0.01, 0.0, 0.01, 0.0, 0.01, 0.01, 0.01, 0.01, 0.01, 0.01, 0.01, 0.01, 0.01, 0.01, 0.01, 0.01, 0.01, 0.01, 0.01, 0.01, 0.01, 0.01, 0.0, 0.01, 0.01, 0.01, 0.0, 0.01, 0.01, 0.01, 0.01, 0.01, 0.0, 0.01, 0.01, 0.01, 0.01, 0.0, 0.01, 0.01, 0.01, 0.01, 0.01, 0.06, 0.05, 0.01, 0.04, 0.01, 0.01, 0.0, 0.0, 0.01, 0.0, 0.01, 0.01, 0.01, 0.01, 0.07, 0.01, 0.02, 0.01, 0.01, 0.01, 0.01, 0.0, 0.0, 0.01, 0.01, 0.01, 0.01, 0.01, 0.06, 0.01, 0.07, 0.01, 0.01, 0.01, 0.0, 0.01, 0.01, 0.01, 0.01, 0.01, 0.01, 0.0, 0.01, 0.07, 0.01, 0.01, 0.01, 0.01, 0.01, 0.01, 0.06, 0.01, 0.01, 0.01, 0.01, 0.01, 0.01, 0.01, 0.01, 0.01, 0.01, 0.01, 0.01, 0.01, 0.0, 0.0, 0.01, 0.01, 0.07, 0.01, 0.01, 0.01, 0.01, 0.01, 0.04, 0.01, 0.01, 0.01, 0.01, 0.01, 0.01, 0.01, 0.01, 0.01, 0.01, 0.01, 0.01, 0.07, 0.01, 0.0, 0.01], "original_crits": [3.884930372238159, 2.9253482818603516, 3.495615243911743, 0.936045229434967, 3.370062828063965, 4.113800525665283, 3.8718833923339844, 3.750027894973755, 2.604154586791992, 2.553699016571045, 3.6612935066223145, 2.1749393939971924, 2.9272782802581787, 3.457660436630249, 1.902824878692627, 1.782619833946228, 2.259911060333252, 3.0936944484710693, 4.501062393188477, 2.3220715522766113, 2.5064103603363037, 2.840362071990967, 3.278594732284546, 4.166950702667236, 3.2255709171295166, 2.818711757659912, 2.3701159954071045, 2.2255914211273193, 3.644312858581543, 3.367403030395508, 2.8893284797668457, 3.194648265838623, 2.725093364715576, 3.216301679611206, 1.094996690750122, 2.6156628131866455, 3.8189291954040527, 2.627439022064209, 3.98154878616333, 2.164430856704712, 2.8170478343963623, 2.0682973861694336, 3.4284486770629883, 3.583804130554199, 3.1943840980529785, 0.7958102226257324, 1.9376132488250732, 0.8182333707809448, 2.759720802307129, 2.8981525897979736, 3.0512406826019287, 2.123431444168091, 0.8621357083320618, 3.5581159591674805, 3.069334030151367, 3.6564579010009766, 2.2668919563293457, 1.6876521110534668, 1.6296648979187012, 4.267459392547607, 4.2575459480285645, 1.8227053880691528, 5.070101737976074, 2.528578281402588, 1.93569815158844, 4.010042190551758, 4.180050373077393, 2.489509344100952, 2.8958473205566406, 4.5907883644104, 1.2287628650665283, 2.3877413272857666, 2.5334486961364746, 4.164587497711182, 2.759286642074585, 4.523128986358643, 3.2067580223083496, 2.6517605781555176, 3.1526074409484863, 2.7234809398651123, 4.143520832061768, 3.3160617351531982, 3.26045823097229, 2.810882091522217, 3.460667133331299, 2.0439889430999756, 3.307906150817871, 4.20145845413208, 1.7561256885528564, 3.9804697036743164, 2.4797708988189697, 2.0377087593078613, 2.370014190673828, 2.4642369747161865, 2.374817132949829, 3.694885730743408, 2.7672908306121826, 3.325490951538086, 1.8350096940994263, 1.8442374467849731, 4.147780895233154, 0.23543605208396912, 3.6601860523223877, 3.0978589057922363, 2.093778371810913, 3.196946859359741, 2.3208508491516113, 4.7185587882995605, 1.214956521987915, 4.210395336151123, 1.9013673067092896, 2.303816556930542, 2.87519907951355, 2.8381736278533936, 2.579169511795044, 1.8202635049819946, 2.3874781131744385, 2.5154285430908203, 3.043175220489502, 2.5958335399627686, 2.3573780059814453, 2.2553205490112305, 2.594865322113037, 3.6026251316070557, 3.1947038173675537, 3.2981698513031006, 2.1678028106689453, 3.420365571975708, 3.323878765106201, 2.47092866897583, 3.037557601928711, 3.9919331073760986, 2.316518545150757, 4.5209760665893555, 3.0715341567993164, 1.7018108367919922, 3.5433921813964844, 3.83254075050354, 2.7310383319854736, 3.160200595855713, 3.279757022857666, 3.4466311931610107, 3.822251319885254, 3.453110456466675, 2.8108835220336914, 2.5167458057403564, 3.8719377517700195, 3.8089890480041504, 2.7185089588165283, 1.332152009010315], "result_crits": [-2.389075756072998, -2.776038885116577, -2.391500473022461, -3.8773128986358643, -3.860022783279419, -1.5328704118728638, -3.2932331562042236, -2.485569953918457, -1.4868435859680176, -2.1725218296051025, -2.2972493171691895, -3.4279935359954834, -2.744727849960327, -2.9662251472473145, -4.206675052642822, -2.8520448207855225, -3.953263998031616, -1.820501446723938, -1.5699419975280762, -2.267282247543335, -2.662935733795166, -4.000618934631348, -2.41030216217041, -1.604544997215271, -4.209805965423584, -5.4806227684021, -3.449807643890381, -4.8767781257629395, -3.583857536315918, -2.6060216426849365, -2.8748979568481445, -3.257566452026367, -2.581028699874878, -2.4391403198242188, -3.42029070854187, -3.443167209625244, -2.4171035289764404, -3.9677648544311523, -2.0614025592803955, -2.7921271324157715, -5.266559600830078, -4.70332670211792, -2.0913138389587402, -3.6166188716888428, -3.644805908203125, -4.6132121086120605, -4.406847953796387, -5.432618618011475, -2.2227942943573, -4.565826416015625, -3.5392959117889404, -3.3991940021514893, -6.444915771484375, -1.9463485479354858, -2.324089527130127, -2.937385320663452, -3.8616063594818115, -3.3493762016296387, -4.2108330726623535, -1.2899500131607056, -0.41320914030075073, -3.8862862586975098, -1.3443015813827515, -2.802882194519043, -2.8117027282714844, -1.8941149711608887, -1.9255938529968262, -4.181730270385742, -1.6933039426803589, -2.468269109725952, -4.86014461517334, -2.7541606426239014, -3.786454200744629, -0.6152006387710571, -2.3693788051605225, -1.512555718421936, -3.6582114696502686, -3.1190648078918457, -2.6456849575042725, -2.5002522468566895, -2.2538599967956543, -2.2268707752227783, -3.027353048324585, -3.406691789627075, -2.921164035797119, -4.061130523681641, -3.611144542694092, -0.9897308945655823, -4.043833255767822, -1.118900179862976, -3.636774778366089, -2.790384292602539, -4.127597808837891, -2.110078811645508, -2.371997833251953, -3.393831729888916, -3.0401406288146973, -3.1729252338409424, -3.5685832500457764, -3.5849392414093018, -1.7387359142303467, -5.378270626068115, -1.252820372581482, -3.8209235668182373, -2.8110709190368652, -1.6536811590194702, -4.558094024658203, -1.5369982719421387, -3.7848353385925293, -1.2735376358032227, -3.1551733016967773, -3.929974317550659, -3.5955188274383545, -3.754319429397583, -2.942945718765259, -3.22588849067688, -3.0227510929107666, -3.559102773666382, -3.1536569595336914, -3.5787672996520996, -3.4187557697296143, -3.716778039932251, -3.7955434322357178, -2.1704647541046143, -1.9042233228683472, -2.508910894393921, -5.152772426605225, -1.2508268356323242, -2.3864669799804688, -3.327979564666748, -2.533477306365967, -3.452873468399048, -2.7394700050354004, -1.408563494682312, -2.9312217235565186, -5.240903854370117, -2.6343605518341064, -2.352228879928589, -5.5197954177856445, -2.882375478744507, -3.093137741088867, -1.6115849018096924, -2.3778016567230225, -2.5775065422058105, -4.3450188636779785, -4.654850959777832, -0.6865891814231873, -2.7466447353363037, -1.6904393434524536, -3.676333427429199]}