{"mean_original": 0.8574794612794612, "mean_result": 0.0914976430976431, "originals": [0.95, 0.93, 0.93, 0.79, 0.9191919191919192, 0.97, 1.0, 0.91, 0.85, 0.7, 0.97, 0.94, 0.89, 0.81, 0.53, 0.87, 0.87, 0.87, 0.98, 0.83, 0.89, 0.96, 0.95, 0.9, 0.9, 0.94, 0.93, 0.96, 0.89, 0.75, 0.79, 0.9191919191919192, 0.95, 0.87, 0.68, 0.8, 0.93, 0.7878787878787878, 0.87, 0.91, 0.91, 0.87, 0.84, 0.92, 0.93, 0.65, 0.92, 0.92, 0.94, 0.87, 0.81, 0.97, 0.97, 0.88, 0.86, 0.87, 0.93, 0.91, 0.88, 0.98, 0.8, 0.96, 0.9, 0.77, 0.88, 0.88, 0.86, 0.87, 0.96, 0.95, 0.73, 0.9, 0.74, 0.72, 0.62, 1.0, 0.96, 0.87, 0.88, 0.3, 0.89, 0.96, 0.87, 0.89, 0.91, 0.97, 0.89, 0.88, 0.8, 0.91, 0.81, 0.95, 0.91, 0.79, 0.35, 0.92, 0.8, 0.87, 0.78, 0.98, 0.87, 0.71, 0.85, 1.0, 0.95, 0.87, 0.9, 0.89, 0.89, 0.97, 0.95, 0.66, 0.94, 0.77, 0.86, 0.8, 0.78, 0.79, 0.88, 0.8, 0.97, 0.68, 0.67, 0.797979797979798, 0.8585858585858586, 0.8, 0.93, 0.79, 0.9, 0.91, 0.93, 0.87, 0.22, 0.87, 0.83, 0.89, 0.95, 0.95, 1.0, 0.66, 0.92, 0.9090909090909091, 0.97, 0.93, 0.74, 0.9, 0.78, 0.98, 0.79, 0.5], "results": [0.0707070707070707, 0.08, 0.08080808080808081, 0.06, 0.0707070707070707, 0.16, 0.02, 0.04, 0.03, 0.09, 0.16161616161616163, 0.12, 0.14, 0.1, 0.05, 0.04040404040404041, 0.14, 0.09, 0.24, 0.09, 0.04, 0.21, 0.16161616161616163, 0.09, 0.17, 0.07, 0.07, 0.07, 0.06, 0.10101010101010101, 0.04, 0.09, 0.09, 0.06, 0.05, 0.1, 0.09, 0.07, 0.09, 0.16161616161616163, 0.1, 0.08, 0.1, 0.04, 0.11, 0.07, 0.050505050505050504, 0.08, 0.1414141414141414, 0.03, 0.08, 0.17, 0.13, 0.09090909090909091, 0.11, 0.13, 0.08, 0.08, 0.06, 0.31, 0.1, 0.05, 0.1, 0.1, 0.1111111111111111, 0.05, 0.06060606060606061, 0.07, 0.05, 0.07, 0.04, 0.030303030303030304, 0.06, 0.07, 0.08, 0.13, 0.18, 0.11, 0.23, 0.050505050505050504, 0.16, 0.08, 0.06, 0.06, 0.12, 0.2, 0.17, 0.12, 0.09, 0.08, 0.06, 0.07, 0.04, 0.06, 0.04, 0.14, 0.05, 0.13, 0.12, 0.35, 0.17, 0.06, 0.06, 0.12, 0.09, 0.08, 0.03, 0.05, 0.06, 0.12, 0.04, 0.05, 0.08, 0.07, 0.07, 0.08080808080808081, 0.07, 0.06, 0.04, 0.05, 0.1, 0.06, 0.07, 0.06, 0.03, 0.04, 0.04, 0.03, 0.03, 0.06, 0.11, 0.17, 0.07, 0.05, 0.1, 0.1, 0.08, 0.13, 0.16, 0.1, 0.07, 0.09, 0.17, 0.07, 0.05, 0.1, 0.08, 0.15, 0.1, 0.06], "original_crits": [-0.7684099674224854, -0.9169788956642151, -0.9175994396209717, -1.0482100248336792, -0.9844714999198914, -0.7891735434532166, -0.829940915107727, -0.9326626658439636, -1.0722352266311646, -1.1830625534057617, -0.796909749507904, -0.9868892431259155, -1.0245177745819092, -1.0994744300842285, -1.290993571281433, -1.0397452116012573, -0.8700921535491943, -0.9788678288459778, -0.7136034965515137, -1.1121641397476196, -1.0195550918579102, -0.7648549675941467, -0.8968907594680786, -1.0308977365493774, -0.8470348715782166, -0.8904019594192505, -0.9855480194091797, -0.9015777707099915, -1.008439540863037, -1.1675951480865479, -1.058286190032959, -0.9843907356262207, -0.9971938133239746, -0.9819936156272888, -1.1937226057052612, -1.0674638748168945, -0.9460289478302002, -1.0619977712631226, -0.8714024424552917, -0.9366941452026367, -0.9376134276390076, -0.8661519885063171, -1.1022908687591553, -0.9279303550720215, -0.9446814060211182, -1.1885552406311035, -0.957373857498169, -1.00587797164917, -0.9967743158340454, -0.9741625189781189, -1.0688250064849854, -0.9071007370948792, -0.790717363357544, -0.966979444026947, -0.9688252806663513, -0.9823284149169922, -0.9178471565246582, -0.9590577483177185, -1.0113776922225952, -0.6797702312469482, -1.0466924905776978, -0.9919365644454956, -0.8435162305831909, -1.1181737184524536, -1.0235220193862915, -0.8626707196235657, -0.9704571962356567, -0.9756592512130737, -0.991999626159668, -0.9151473045349121, -1.2120895385742188, -1.0269320011138916, -1.173994779586792, -1.157925009727478, -1.234758973121643, -0.8169741630554199, -0.8369342684745789, -0.9808420538902283, -0.862925112247467, -1.4019277095794678, -0.8559991121292114, -0.9019037485122681, -1.0425623655319214, -1.0198900699615479, -0.9524796009063721, -0.7983830571174622, -0.8587367534637451, -0.862777829170227, -1.1139206886291504, -0.9204683303833008, -1.0518170595169067, -0.9901271462440491, -0.9305582046508789, -1.0501760244369507, -1.3190085887908936, -0.9390743970870972, -1.0691627264022827, -0.9834063053131104, -1.0596978664398193, -0.7401636242866516, -0.8649682402610779, -1.2116782665252686, -1.0451797246932983, -0.8214429616928101, -0.9902989864349365, -1.0131299495697021, -0.852311909198761, -1.0198341608047485, -1.0246702432632446, -0.907733142375946, -0.989402174949646, -1.222912311553955, -0.8890987038612366, -1.0618144273757935, -0.9768940806388855, -1.0623836517333984, -1.0615354776382446, -1.1305831670761108, -1.0123157501220703, -1.1326591968536377, -0.9092021584510803, -1.2014878988265991, -1.1920154094696045, -1.0476539134979248, -1.0907633304595947, -1.1321015357971191, -0.9475757479667664, -1.0671732425689697, -0.9638035893440247, -1.035538911819458, -0.9505990743637085, -0.8726629614830017, -1.3694812059402466, -0.8663407564163208, -1.109512209892273, -1.0387318134307861, -0.9906182289123535, -0.8827933073043823, -0.8307908773422241, -1.21803617477417, -1.00490140914917, -0.9652544856071472, -0.7927824258804321, -0.9437552094459534, -1.160248875617981, -0.8535592555999756, -1.0657548904418945, -0.8055158257484436, -1.1153552532196045, -1.251861810684204],