{"roc_auc": 0.7792444444444444, "detection_rate": 0.02666666666666667}