{"mean_original": 0.7354053872053872, "mean_result": 0.07786402640264027, "originals": [0.88, 1.0, 1.0, 0.97, 0.91, 0.97, 0.84, 0.96, 0.3, 0.94, 0.98, 0.98, 0.94, 0.16, 0.48, 0.99, 0.96, 0.98, 0.97, 0.23, 0.91, 0.88, 0.99, 0.37, 0.85, 0.3, 1.0, 0.68, 0.84, 0.96, 0.58, 0.62, 0.69, 0.71, 0.68, 0.26, 0.13, 1.0, 0.96, 0.69, 0.89, 0.35, 0.92, 0.66, 0.69, 1.0, 0.98, 0.97, 0.52, 1.0, 0.67, 0.83, 0.7, 0.99, 0.72, 0.98, 0.85, 1.0, 0.42, 0.99, 0.97, 0.97, 0.98, 0.99, 0.98, 0.91, 0.59, 0.39, 0.67, 0.69, 0.95, 0.88, 0.55, 0.43, 0.59, 0.39, 0.98, 0.35, 0.22, 0.58, 0.98, 0.68, 1.0, 0.56, 0.99, 0.08, 0.85, 0.36, 0.62, 1.0, 0.61, 0.35, 0.08080808080808081, 0.83, 0.45, 0.93, 0.97, 0.38, 0.84, 0.26, 0.13, 0.97, 0.95, 0.99, 0.69, 0.7, 0.99, 0.58, 0.94, 0.41, 0.91, 0.92, 0.6, 0.52, 0.49, 0.83, 0.77, 0.99, 0.42, 0.97, 0.98, 1.0, 0.98, 0.41, 0.56, 0.43, 0.92, 1.0, 1.0, 0.21, 0.47, 0.69, 0.9, 0.99, 0.69, 0.97, 0.95, 0.96, 0.58, 0.7, 0.5, 0.56, 0.42, 0.47, 0.63, 1.0, 0.67, 0.98, 0.39, 0.98], "results": [0.06, 0.26, 0.04, 0.06, 0.08, 0.12, 0.04, 0.03, 0.04, 0.26, 0.08, 0.04, 0.04, 0.04, 0.03, 0.06, 0.04, 0.06, 0.06, 0.03, 0.04, 0.09, 0.06, 0.04, 0.07, 0.03, 0.03, 0.03, 0.09, 0.61, 0.039603960396039604, 0.03, 0.14, 0.06, 0.23, 0.04, 0.22, 0.04, 0.04, 0.04, 0.15, 0.06, 0.03, 0.06, 0.09, 0.04, 0.04, 0.17, 0.04, 0.04, 0.04, 0.06, 0.04, 0.04, 0.03, 0.12, 0.02, 0.08, 0.04, 0.09, 0.08, 0.18, 0.06, 0.07, 0.15, 0.04, 0.09, 0.04, 0.03, 0.08, 0.04, 0.09, 0.12, 0.08, 0.42, 0.04, 0.12, 0.04, 0.04, 0.04, 0.11, 0.08, 0.35, 0.04, 0.09, 0.04, 0.24, 0.05, 0.04, 0.11, 0.04, 0.04, 0.04, 0.1, 0.04, 0.13, 0.24, 0.05, 0.06, 0.08, 0.04, 0.04, 0.04, 0.03, 0.05, 0.05, 0.09, 0.04, 0.06, 0.04, 0.25, 0.06, 0.03, 0.04, 0.03, 0.03, 0.04, 0.04, 0.04, 0.04, 0.23, 0.06, 0.12, 0.1, 0.04, 0.06, 0.03, 0.02, 0.07, 0.04, 0.03, 0.02, 0.11, 0.03, 0.07, 0.03, 0.06, 0.04, 0.04, 0.1, 0.16, 0.04, 0.04, 0.04, 0.04, 0.07, 0.23, 0.03, 0.02, 0.09], "original_crits": [1.4190942620272002, 1.9729294409122093, 1.9648101412120549, 2.2085620428301636, 1.3510010117146138, 2.5938039845024115, 1.2865817831473891, 1.5852898645745832, 0.4802708354594464, 1.5403959166905332, 2.1973117607896593, 1.6787853927100154, 1.5540766697649173, 0.25977122422967347, 0.8124320099114423, 1.7414916647923433, 1.5120426487050251, 1.6202426941440424, 2.35489030439917, 0.2934472842450909, 1.3844001297889106, 1.433730168254032, 2.0593461237213866, 0.5963242002536409, 1.3062179310208901, 0.4964201199553886, 1.9043482224968729, 1.1529587782607882, 1.2780345362049386, 1.6018728521611014, 0.9153140481035362, 1.1017047773932238, 1.208920294572099, 1.0606044594365651, 1.132965096411267, 0.386177683464421, 0.08764848432494714, 1.973501190019816, 1.5160869400632124, 1.0538241542049298, 1.4233102416566112, 0.5540906904914513, 1.45656834446289, 1.1661067557331584, 1.1354847342177576, 2.012128875997556, 1.6178387037435433, 2.206469997021519, 0.9615919540588077, 1.9596685630840618, 1.0801929766846532, 1.2496231776752738, 1.0617722317889293, 1.6637077078249491, 1.031872002963631, 1.6717724899501372, 1.3046388333475354, 1.6559262581600196, 0.6591255442741161, 1.794045415872039, 2.4737566435554426, 1.4922485578515934, 1.6141082303719263, 1.8531379873487868, 1.8042389561175805, 1.3343897409035135, 0.9127217993835511, 0.7121064598952798, 1.0119967840285922, 1.205652491199226, 1.504471901546475, 1.435002630815191, 0.9792085268343376, 0.6890518221082199, 1.0905193203399617, 0.6201111121554636, 2.8553474611457257, 0.5548304141856412, 0.26863708465464814, 0.8985543113956485, 1.6877324822337303, 1.1598636025672895, 1.9277662040034573, 0.9177755734000915, 1.7979033407219316, 0.1421075214203058, 1.299823706220098, 0.47420438995799213, 1.0939283444128773, 1.9893196973257985, 1.0874093293284242, 0.6014320002636673, -0.0315334785039597, 1.2580720218376837, 0.7468916145969492, 1.4558141417158463, 2.1606714064756254, 0.648647619044712, 1.270700631739489, 0.44380813652961953, 0.20872498891326702, 2.2529990632088173, 1.5197071174977792, 1.6419688928184428, 1.1393469062650905, 1.0541432724859634, 2.1064005539294164, 0.8880210388022093, 1.5515025376122913, 0.8433951712097622, 1.348205997899512, 1.3409704769484747, 0.9906202552961219, 0.9481817970394952, 0.7792373850691712, 1.2685732334854356, 1.2239800333559754, 1.7847277417609502, 0.8518350905512971, 1.7052029094652117, 3.1414222904348867, 1.750868996764023, 2.664443730564301, 0.7255392912363602, 0.9178890302545741, 0.7399886517298336, 1.456696511353369, 2.012557315671164, 1.9429984630576316, 0.3669013352070406, 0.6767200282750921, 1.2046138982825279, 1.3302880141541946, 1.6447290234931462, 1.0265176947660317, 2.3618093067251653, 1.531484067834395, 1.5109332826867032, 0.8895734750101308, 1.1418744498344153, 0.7985473030110685, 0.9748173345402814, 0.8329141805611533, 0.7906648659240764, 0.9999671682523059, 1.9882903658264914, 1.1816039307456019, 1.6153844655622271, 0.704428563845816, 1.811173733893578],