{"mean_original": 0.6846828384942771, "mean_result": 0.03818693921654713, "originals": [0.5856663105775135, 0.7404138762095993, 0.8454348883500395, 0.5441907218252398, 0.7288021769567744, 0.9132262060910555, 0.9188895132005518, 0.9178692606612427, 0.8942386758271261, 0.822957894138478, 0.9189924049896409, 0.5362477647398449, 0.894133796916997, 0.919262556412329, 0.7698807511848219, 0.19627703527935253, 0.7313849057364021, 0.6555323678050403, 0.9234380495254066, 0.8935512050318039, 0.7390940429026436, 0.9142182990094734, 0.9026408434902088, 0.7733801705077961, 0.8288088844802907, 0.8355480542761281, 0.6754265784068023, 0.8485878017903431, 0.6214814475029541, 0.8094490918817299, 0.6355869629553729, 0.6985694411136609, 0.43520126649082025, 0.4037171436989661, 0.7339147993096212, 0.8388284758929817, 0.8698362952610719, 0.17716452277936895, 0.903770005029503, 0.7618930182126797, 0.8004898383265691, 0.847697047927922, 0.5380076709301927, 0.8939030442866478, 0.648590933793227, 0.6459659154129704, 0.8503910871561141, 0.8851094434616064, 0.9032064582379966, 0.90515062801627, 0.9337717553765776, 0.8904798487448874, 0.49361758761405455, 0.6783293034640592, 0.9151654769568062, 0.7895712199676757, 0.3322426479401804, 0.3854691291825226, 0.10592177387924236, 0.5868661490566309, 0.8776803367047414, 0.5542208703745034, 0.8071243070988185, 0.8653550968701997, 0.8061029649486834, 0.7013415901805009, 0.8917875665482379, 0.7570810461998974, 0.6110909785792824, 0.9111743757202815, 0.6788008598977582, 0.20917538062337906, 0.8391166895218218, 0.8694910089317066, 0.6158513060629816, 0.8605992879993547, 0.4221539261167039, 0.6908330477084546, 0.8774725808861209, 0.4616376491180259, 0.7950550684100725, 0.2859063704991672, 0.9086322051767282, 0.6458696224419362, 0.8564909959844943, 0.3639859255548455, 0.9031284269351512, 0.8457983766252077, 0.34758872254226236, 0.9204700385942395, 0.12570991803663034, 0.7409390597356855, 0.7009478172769387, 0.8573004625916255, 0.6869854134662766, 0.2554402286385443, 0.6684094575029984, 0.9391992359299879, 0.6366736062874501, 0.7569112108176764, 0.5456228305864367, 0.7505933002872444, 0.8725884148813335, 0.2748678837074568, 0.7722503442994552, 0.3283924013606372, 0.7735820249108627, 0.8906954448926225, 0.6668814339572424, 0.5370706695099677, 0.6642052348833012, 0.3114799728852242, 0.8034184701823597, 0.9083760768240008, 0.7181403205284008, 0.6514090728732033, 0.8139458654098094, 0.4952268690716018, 0.6366006170791082, 0.7508336940896537, 0.7603126512737297, 0.6347214776037071, 0.6160807115587017, 0.43921448243455, 0.5246480623741183, 0.660859656949994, 0.4438960606327065, 0.40629533416535485, 0.6569298845079572, 0.8389205164001362, 0.7898713231250906, 0.9236648476096828, 0.7057381218777545, 0.47422643416001453, 0.5523866401580543, 0.4084011488017376, 0.7427980492362185, 0.43401419527354407, 0.2707838548171526, 0.3904071735735556, 0.3807947848675598, 0.2646026034763523, 0.7569236016077793, 0.899167491374509, 0.9106965097082954, 0.7501410790987565, 0.6181501423838618, 0.8554388382450103, 0.6640375499447563, 0.42513410535781404], "results": [0.03480780637367125, 0.03360126799987319, 0.03206171981116221, 0.03775706144582465, 0.026466305157442905, 0.06953708700038803, 0.029736525120778727, 0.043761037767867925, 0.042584487889505626, 0.05530015218633951, 0.04271556734250212, 0.027476044373565933, 0.05716670681689513, 0.04856324866880386, 0.03038658071705196, 0.04396326401367666, 0.03181638483345557, 0.03440061548295864, 0.05626637116281373, 0.030284317549750344, 0.034900332450173044, 0.03538679662573354, 0.05206407912181869, 0.02457224365401623, 0.027674368025552842, 0.037995335454886425, 0.03531913585686905, 0.03960536047940432, 0.03242605345169936, 0.03775126743880834, 0.038574069150377255, 0.03410398627759922, 0.034588871128619816, 0.036818793598593615, 0.034743660238486636, 0.05357104901742392, 0.0404259630581235, 0.021625577798557026, 0.048298269871556526, 0.04174501264478035, 0.036194100161405354, 0.0360527559402441, 0.035225349869741795, 0.048476870347674644, 0.02951552191833585, 0.039912631019679026, 0.03647026208644247, 0.04943890225529704, 0.05140435132051174, 0.04390553822248225, 0.06053999542344531, 0.03771640175535619, 0.036219366341212846, 0.04855950330894571, 0.04894116166974727, 0.03618867181076268, 0.03012262695637455, 0.024456803505227484, 0.022633004159463975, 0.04367641230574939, 0.0668404219860529, 0.043381160570035486, 0.033988831834391824, 0.038686405949621305, 0.05027612324965479, 0.024545905524632615, 0.04963414180583391, 0.04358713267833317, 0.03150122337773654, 0.049649069269809165, 0.03238768466317103, 0.025506088666559595, 0.042516687205217826, 0.05068940670058799, 0.02884608516776274, 0.04907831071302693, 0.030029525580588468, 0.04317124233077575, 0.03655616207881451, 0.02959030108768479, 0.05362529084168487, 0.029826098920934834, 0.060250694123510716, 0.029097741538930254, 0.04149908661823547, 0.037330476730928916, 0.04493250575517084, 0.0330677915716669, 0.03867352320740537, 0.048097845468643236, 0.021103546572907854, 0.03528814625802955, 0.03729420912279398, 0.03768849223165805, 0.03244410840362361, 0.02093576776361989, 0.027147886160973616, 0.052267727778734195, 0.033532321326599036, 0.058398399538292, 0.038161644511220234, 0.04412535670063604, 0.032093497698893, 0.04489035078460689, 0.040937737363491884, 0.039261760595379544, 0.051808346340876756, 0.03710129136843937, 0.027444391927590656, 0.04549913037169499, 0.02754455942665302, 0.031164159346312992, 0.054544509816487466, 0.03411356464770286, 0.02937257116904715, 0.032402160843471375, 0.051155611163472836, 0.035380222973937656, 0.026670194395681256, 0.04986240613366603, 0.0442459613518165, 0.034870428490798085, 0.026133379484240847, 0.02306170706604479, 0.03881800589209457, 0.03541555527606456, 0.025482953274290298, 0.033232800394862524, 0.02680428061274966, 0.03453459099832305, 0.03235087837928633, 0.05551582820202412, 0.027591271227290957, 0.04281851078408832, 0.025933657745984485, 0.03639701128204458, 0.04061774478304886, 0.038780444099365645, 0.027778509315190807, 0.025923477016201762, 0.019614648418886476, 0.026373580128014117, 0.03582266767800059, 0.050094773416947215, 0.04479868966249019, 0.03980201624131796, 0.037666866172766586, 0.040947593335923446, 0.03717113718705732, 0.0264518691754503],