{"roc_auc": 0.9577333333333333, "detection_rate": 0.6866666666666666}