{"mean_original": 0.8634861952861953, "mean_result": 0.09444511784511785, "originals": [0.95, 0.91, 0.87, 0.94, 0.94, 0.93, 0.93, 0.92, 0.8282828282828283, 0.82, 0.9, 0.95, 0.84, 0.76, 0.57, 0.93, 0.88, 0.93, 0.95, 0.77, 0.95, 0.94, 0.92, 0.82, 0.92, 0.92, 0.81, 0.89, 0.9, 0.69, 0.81, 0.95, 0.92, 0.94, 0.7, 0.86, 0.93, 0.86, 0.9, 0.92, 0.94, 0.92, 0.85, 0.94, 0.9, 0.75, 0.93, 0.94, 0.82, 0.95, 0.8282828282828283, 0.89, 0.95, 0.88, 0.78, 0.96, 0.9, 0.92, 0.95, 0.95, 0.82, 0.95, 0.88, 0.79, 0.82, 0.91, 0.95, 0.92, 0.94, 0.86, 0.73, 0.92, 0.71, 0.69, 0.71, 0.9, 0.94, 0.92, 0.89, 0.31, 0.9, 0.87, 0.82, 0.86, 0.92, 0.95, 0.93, 0.93, 0.78, 0.9393939393939394, 0.94, 0.95, 0.9, 0.8, 0.57, 0.92, 0.81, 0.93, 0.8, 0.95, 0.89, 0.73, 0.84, 0.95, 0.95, 0.94, 0.92, 0.95, 0.87, 0.88, 0.94, 0.68, 0.89, 0.82, 0.92, 0.78, 0.81, 0.76, 0.95, 0.8, 0.92, 0.696969696969697, 0.7, 0.94, 0.78, 0.81, 0.91, 0.8, 0.92, 0.86, 0.93, 0.9, 0.5, 0.91, 0.75, 0.81, 0.89, 0.92, 0.96, 0.5, 0.95, 0.95, 0.94, 0.93, 0.8, 0.92, 0.84, 0.94, 0.83, 0.7], "results": [0.18, 0.06, 0.08, 0.07, 0.09, 0.18, 0.1, 0.11, 0.08, 0.06, 0.09, 0.08, 0.08, 0.05, 0.04, 0.07, 0.1, 0.1, 0.11, 0.07, 0.1, 0.19, 0.15, 0.08, 0.08, 0.08, 0.1, 0.14, 0.11, 0.06, 0.08, 0.08, 0.09, 0.09, 0.04, 0.08, 0.08, 0.08, 0.14, 0.13, 0.07, 0.1, 0.09, 0.09, 0.12, 0.05, 0.07, 0.08, 0.12, 0.0707070707070707, 0.08, 0.15, 0.05, 0.19, 0.08, 0.07, 0.18, 0.08, 0.08, 0.23, 0.06, 0.08080808080808081, 0.13, 0.06, 0.10101010101010101, 0.0707070707070707, 0.11, 0.13, 0.05, 0.15, 0.05, 0.1, 0.11, 0.07, 0.07, 0.19, 0.07, 0.1, 0.19, 0.08, 0.19, 0.06, 0.09, 0.07, 0.09, 0.14, 0.09, 0.07, 0.0707070707070707, 0.07, 0.1, 0.05, 0.1, 0.11, 0.05, 0.11, 0.11, 0.04, 0.08, 0.35, 0.08, 0.06, 0.1, 0.18, 0.1, 0.05, 0.1, 0.07, 0.06, 0.13, 0.06, 0.05, 0.08, 0.06, 0.10101010101010101, 0.05, 0.06, 0.06, 0.10101010101010101, 0.05, 0.09, 0.04, 0.05, 0.09, 0.07, 0.07, 0.08, 0.11, 0.07, 0.06, 0.05, 0.2, 0.05, 0.06, 0.08, 0.08, 0.12, 0.18, 0.08, 0.05, 0.09, 0.08, 0.21, 0.08080808080808081, 0.05, 0.13, 0.14, 0.09, 0.09, 0.08], "original_crits": [-1.7239304780960083, -2.029550313949585, -2.0110154151916504, -2.1316580772399902, -2.09303879737854, -1.871056318283081, -1.8656173944473267, -2.0444533824920654, -2.21704363822937, -2.367581844329834, -1.9314687252044678, -2.11698579788208, -2.236652135848999, -2.3170697689056396, -2.5787014961242676, -2.137470245361328, -1.9899952411651611, -2.138292074203491, -1.7290183305740356, -2.3274927139282227, -2.1270525455474854, -1.7670824527740479, -2.0238120555877686, -2.212207794189453, -1.9464938640594482, -1.9407061338424683, -2.165323257446289, -1.9776763916015625, -2.14634108543396, -2.4706649780273438, -2.1958494186401367, -2.1240432262420654, -2.1418569087982178, -2.11350417137146, -2.389867067337036, -2.249680757522583, -2.066934585571289, -2.200315237045288, -1.9327342510223389, -2.0569000244140625, -2.0756735801696777, -1.9035810232162476, -2.234673023223877, -2.0804524421691895, -1.967653751373291, -2.4338536262512207, -2.045652151107788, -2.107557535171509, -2.188828706741333, -2.0842316150665283, -2.2173266410827637, -1.9254815578460693, -1.7985910177230835, -2.016029119491577, -2.170135974884033, -2.089637041091919, -1.920237421989441, -2.02420973777771, -2.114485502243042, -1.6163640022277832, -2.224181890487671, -2.1309566497802734, -1.9846938848495483, -2.291703224182129, -2.15877366065979, -1.8962793350219727, -2.1262340545654297, -2.142643928527832, -2.1188395023345947, -2.006291151046753, -2.460193395614624, -2.0612330436706543, -2.4248297214508057, -2.4647939205169678, -2.486701726913452, -1.9186055660247803, -1.8592982292175293, -2.062847852706909, -1.9250379800796509, -2.693239450454712, -1.9342200756072998, -1.9726977348327637, -2.159716844558716, -2.201124668121338, -2.064455270767212, -1.8232171535491943, -1.8530479669570923, -1.8650835752487183, -2.2820658683776855, -2.0436880588531494, -2.132664918899536, -2.083690643310547, -1.9205176830291748, -2.175238847732544, -2.5556321144104004, -1.946163296699524, -2.2261526584625244, -2.136601209640503, -2.22822904586792, -1.6341692209243774, -1.9256439208984375, -2.4395124912261963, -2.198058843612671, -1.700518250465393, -2.1250290870666504, -2.1296870708465576, -1.9403327703475952, -2.1256537437438965, -2.198511838912964, -1.9852213859558105, -2.0797343254089355, -2.4656479358673096, -1.9807202816009521, -2.1600711345672607, -2.0621871948242188, -2.310908555984497, -2.167017936706543, -2.3302388191223145, -2.0974526405334473, -2.3724138736724854, -1.9544874429702759, -2.485151529312134, -2.4106392860412598, -2.109046220779419, -2.2694010734558105, -2.349940061569214, -2.0283329486846924, -2.304126024246216, -2.053575038909912, -2.2460293769836426, -2.045644998550415, -1.9110486507415771, -2.650864839553833, -1.962414264678955, -2.3221263885498047, -2.1618330478668213, -2.148320436477661, -1.9406830072402954, -1.7544804811477661, -2.5944106578826904, -2.123145341873169, -2.098789930343628, -1.7923364639282227, -2.070345878601074, -2.3389649391174316, -1.9054582118988037, -2.24186372756958, -1.762615442276001, -2.364569902420044, -2.4499292373657227],